player_name,team_abbreviation,age,player_height,player_weight,gp,pts,reb,ast,net_rating,oreb_pct,dreb_pct,usg_pct,ts_pct,ast_pct,season
Carsen Edwards,DET,24.0,180.34,90.7184,4,5.8,1.5,3.5,-5.9,0.022,0.044,0.179,0.3779999999999999,0.25,2021-22
Donovan Mitchell,UTA,25.0,185.42,97.52228,67,25.9,4.2,5.3,5.9,0.024,0.096,0.322,0.5720000000000001,0.267,2021-22
James Harden,HOU,30.0,195.58,99.79024,68,34.3,6.6,7.5,5.8,0.026,0.139,0.356,0.626,0.366,2019-20
LeBron James,LAL,34.0,203.2,113.398,55,27.4,8.5,8.3,2.0,0.0289999999999999,0.193,0.311,0.588,0.376,2018-19
Max Strus,MIA,26.0,195.58,97.52228,68,10.6,3.0,1.4,5.6,0.016,0.1119999999999999,0.177,0.614,0.086,2021-22
